first_name,last_name,job_title,department,email,address,phone_number,salary,password
Antonio,Phillips,Computer games developer,Educational psychologist,marcus71@example.org,Lake Larryshire,654-249-9730x528,10517,j8xp1fss
Terri,Ryan,Automotive engineer,Early years teacher,christinesuarez@example.org,Port John,859-879-8064x829,78898,iXlvKXyU
Matthew,Wilson,Armed forces operational officer,"Clinical scientist, histocompatibility and immunogenetics",michellearnold@example.net,Browntown,(364)887-4817,15463,dfcUAnTz
Allen,Hudson,Broadcast presenter,Clinical psychologist,dominguezmelissa@example.org,Lake Alberttown,001-901-713-2200x48088,37099,05jNsr9v
Andrew,Johnson,"Teacher, English as a foreign language",Biomedical scientist,stephenavery@example.com,Lake Benjaminbury,(592)857-4440,54019,jtWuCb07
Michael,Clark,English as a foreign language teacher,Secretary/administrator,awiley@example.net,South Jennifertown,9046958288,58017,fY5RDXUK
Lauren,Dyer,Broadcast presenter,Biomedical engineer,rconway@example.com,New Paigeville,404-901-3454,72047,3ma0Sdnh
Paul,Medina,"Engineer, broadcasting (operations)",Control and instrumentation engineer,ssmith@example.com,Lake Michellemouth,320-483-2916x72270,87548,5EMhdtxH
Vincent,Glass,"Engineer, aeronautical",Illustrator,darrylcampos@example.org,Huntfurt,568-232-2537,43341,q6wIUphs
Daniel,Wall,Food technologist,"Development worker, international aid",michaelcook@example.net,Amandafort,6796715224,10622,uT2oTDkF
Felicia,Hill,"Surveyor, land/geomatics",Land/geomatics surveyor,wesley55@example.com,West Phillip,731.299.8507,54957,z6CDY7mi
Margaret,Smith,"Conservation officer, nature",Museum/gallery exhibitions officer,awilliams@example.com,New Richard,(330)816-2318,18619,BJI1qjFr
Aaron,Johnson,"Teacher, adult education",IT consultant,vallison@example.com,West Tyler,(494)981-1084x290,10970,yQD6kBHa
Renee,Travis,"Investment banker, corporate","Editor, commissioning",jennifer62@example.net,Dustinton,375.779.8646,38473,wYhnUetb
Kayla,Jones,Special educational needs teacher,Editorial assistant,reneewilliams@example.net,North Jeremy,001-918-334-0337x09063,77384,rPDmb0fY
Courtney,Franklin,Publishing copy,Youth worker,barroncraig@example.net,Julieberg,828.530.5908x89974,89951,bQ3lTfkW
Linda,Clark,Careers adviser,"Doctor, general practice",colonjeremy@example.net,North Andrea,365-560-4122x00329,46233,WvPvnuAQ
Brent,Stuart,Jewellery designer,Pharmacologist,andrea38@example.org,Port Jamesmouth,+1-812-543-0500x42635,78354,mQoxbmYw
Jermaine,Miller,Dietitian,"Education officer, community",hstark@example.com,Paulborough,+1-768-843-0634x6007,75269,M1LeJA1J
Michelle,Williams,"Radiographer, therapeutic",Event organiser,jamiekelley@example.net,Jessicachester,951.297.1465x757,43056,3G6mb4zE
Selena,Garcia,"Education officer, museum",Patent attorney,qrobinson@example.com,East Jacqueline,702.741.6267x2629,33941,b7Kp4pUD
Steven,Sanford,"Surveyor, land/geomatics",Cabin crew,gavinstewart@example.net,Colemanstad,829.797.4844,68048,sWoX4uID
Pamela,Park,Music therapist,Dietitian,sean14@example.org,Lyonsview,(664)257-6308,57748,d5SYqezb
Kathy,Harris,Make,"Teacher, special educational needs",christinathomas@example.com,Stevenberg,729-812-7345x5865,70078,4fcJ004j
Sydney,Cook,Exhibition designer,Tour manager,dmalone@example.com,West Lauren,595-246-7232,68798,q7gmujLk
Jerry,Jackson,Materials engineer,Control and instrumentation engineer,bdickerson@example.net,North Blakestad,(842)887-6983x94130,75290,ePuDzTCs
Richard,Acevedo,Microbiologist,Computer games developer,brownkathleen@example.net,Richhaven,001-878-548-8833x011,53151,4rgd1yEZ
Katie,Nguyen,Learning mentor,Furniture designer,ashley82@example.org,Charlesbury,777-359-4366x48693,63966,aPFpHW30
Debbie,Gamble,Writer,Travel agency manager,eortiz@example.org,Matthewfort,772.672.1705x067,44886,AYrCDZDP
Brian,Martinez,Theme park manager,Building services engineer,ustevenson@example.net,Port Tiffany,840.977.3195x874,87076,Ad1ulMXQ
Michael,Perez,Community pharmacist,"Accountant, chartered management",kingmichael@example.com,Hobbsshire,(646)925-0084x213,36217,R0TEzgCa
Lauren,Freeman,Manufacturing systems engineer,Dispensing optician,tonyahaney@example.net,New Glenfort,294.621.0893,69045,mtavPXll
Carla,Jackson,Clinical molecular geneticist,"Accountant, chartered public finance",derekingram@example.org,Port Jamiemouth,001-362-444-3569x65185,19528,CgqAZrh9
Stephanie,Edwards,Planning and development surveyor,"Editor, commissioning",odonnellbenjamin@example.net,Lake Mathewshire,287.985.7002x9040,24316,VSxrPSln
Kenneth,Middleton,Dispensing optician,"Nurse, adult",theodore91@example.com,Lake Alexis,629.413.5778,62866,lTSiRsXV
Jessica,Hunt,Acupuncturist,Chief Operating Officer,huntjames@example.org,Hineston,(831)338-9068,47088,Zjk552tG
Tina,Hernandez,Artist,"Engineer, energy",courtneyharvey@example.net,North Jack,(947)395-0529x1573,83694,EjYq4VFD
Wendy,Sanchez,Chartered loss adjuster,"Therapist, music",david06@example.com,Port Leslie,(273)831-8476x77024,69781,qhdbjpN2
William,Rose,Cartographer,"Engineer, chemical",ayalaashley@example.org,Nicoletown,493-229-5982x1147,69225,zSmBxcpT
Ian,Obrien,Purchasing manager,Statistician,waltertheresa@example.com,East Oscar,220-613-4382,13207,qaqeDTmH
Elizabeth,Anderson,Archivist,"Teacher, special educational needs",alexis51@example.com,Scottberg,(880)752-3883,2331,ncUyYg2o
Andrew,Leonard,Horticultural consultant,IT consultant,nicolevaldez@example.com,New Roberttown,841-455-5835,98781,JBbX66X6
Joseph,Michael,Social researcher,Tourist information centre manager,odavis@example.com,South Danielborough,+1-767-203-8139x6339,51857,LY56iS3P
Carrie,Stewart,Passenger transport manager,"Therapist, sports",alicia37@example.net,South Dustinland,001-725-325-0026x11080,6851,3XDQ4Ajd
Michael,Hughes,"Development worker, community","Lecturer, higher education",baxtershawn@example.net,Davidside,808-245-7554,96668,L0c8DZ4G
David,Rivers,"Radiographer, diagnostic",Dramatherapist,eric30@example.org,Alexandershire,649-703-9449,59705,3V6pZOj1
Reginald,Gonzalez,Oceanographer,Textile designer,hannah04@example.org,Martinezfort,001-803-332-2992,39415,J7xABU9I
Jillian,Brown,Lexicographer,Civil Service administrator,amanda94@example.net,Bushchester,317.227.1465,49998,qnHmFhO9
Adam,Hodge,"Doctor, hospital",Radio broadcast assistant,harrisrobert@example.org,Lake Christinachester,709-633-0977x711,44299,5MbLbcxm
Michael,Ochoa,Water engineer,Careers adviser,torresjulie@example.org,Sandovalville,(241)450-0794x8064,89914,wLJPRUjk
Katrina,Weeks,Armed forces technical officer,Textile designer,danielle18@example.com,Lake Karen,+1-764-703-8167x022,76222,1Hzo620b
Kimberly,Lowery,Homeopath,Corporate investment banker,robert20@example.com,Parrishstad,(866)370-0141,22474,l26t2Owb
David,Hudson,Training and development officer,"Horticulturist, commercial",michael32@example.net,South Kathy,330.351.4552x9521,48614,fOOW4ZN6
Kyle,Allen,Electronics engineer,Learning mentor,christophercrawford@example.net,South Nathaniel,(562)844-4208x927,99848,3MinY0lm
Lisa,Wagner,Plant breeder/geneticist,Microbiologist,penaangela@example.net,North Davidshire,573.800.2476x18557,88366,8UESYi3q
Amy,Ruiz,Chartered accountant,Health and safety adviser,josephjimenez@example.net,Port Debraburgh,892.701.4756x062,94110,0rIhmDuQ
Timothy,Greene,Homeopath,Clinical research associate,andersonadam@example.net,West Amy,(405)743-9727,99075,pp1ByoZo
Manuel,Vaughn,Web designer,"Research officer, government",jordanpace@example.org,Hayesshire,(895)709-2226x80544,24923,ZyzHwfbP
Lori,Collins,Intelligence analyst,Firefighter,crivas@example.com,North Scottville,843.898.4202,33057,rXN6nCqc
Aaron,Torres,Fine artist,Sales promotion account executive,cainkatherine@example.net,Lake Kelly,(586)599-2452,46006,PgXSFaux
Katie,Stevens,Midwife,Orthoptist,collinskelsey@example.net,Smithton,266-886-1556x21517,85689,5mKSJuH2
Brooke,Saunders,Retail buyer,Fish farm manager,hhendricks@example.org,Kellibury,+1-883-631-8829,34558,PhdJjRdL
Michael,Ortiz,Immunologist,Lobbyist,christensendaisy@example.net,North Alexis,329-697-0405x6527,80427,HxGZC7ku
Michelle,Huffman,Corporate investment banker,Printmaker,waltermartinez@example.net,Andrewmouth,8745350849,65682,1gr1PzUL
Arthur,Hebert,Scientific laboratory technician,Civil Service administrator,dmontes@example.org,West Erik,001-417-204-7098x730,76664,2fOSvHHZ
Kyle,Baird,"Teacher, music","Engineer, maintenance (IT)",ryanmitchell@example.net,Lisafort,(530)791-8826,769,58zRRtw0
Maria,Pittman,Tree surgeon,Engineering geologist,jamessarah@example.net,Michelemouth,965.864.2538x134,5632,ABakGUb5
Jenny,Krueger,Health visitor,Intelligence analyst,riveraapril@example.net,Gonzalezshire,210.401.3542x957,31347,sMhtg3RN
Melinda,Hunter,Production engineer,Advertising account planner,zachary33@example.net,Martinezchester,811.515.7162x41024,87778,vmlW0pL5
Robin,Sharp,Legal secretary,Photographer,jasmine88@example.net,South Kaitlynside,(825)638-0733x726,30232,KvIKupXL
Mary,Singh,Land,Private music teacher,johnsonmisty@example.net,West James,(279)979-8486x583,43731,vopT8xh4
Melissa,Andrews,Fast food restaurant manager,Pensions consultant,qbaxter@example.com,Lake Hector,872-839-8531,97050,zL3fDEn6
Robert,White,Regulatory affairs officer,Multimedia programmer,ramirezjames@example.com,Port Mario,399-221-5515x1403,18197,QPxZkJyI
David,Hodges,Private music teacher,Newspaper journalist,hornkylie@example.net,New Julieside,986.267.6781x23679,79590,bdTmcSB9
Alexis,Thomas,Animal technologist,Clinical research associate,hodgeamy@example.com,West Kevinbury,+1-919-549-8482x673,44156,dsSpjWNt
Francisco,Gutierrez,Ergonomist,Armed forces technical officer,james76@example.net,North Nathanbury,001-382-304-7851,38566,Hlzowflw
Matthew,Jones,Youth worker,Newspaper journalist,james73@example.net,Millsside,873-754-8854,45003,CQZVP7Dv
Christopher,Hart,Curator,Hydrographic surveyor,preid@example.org,Davidton,621.802.4518,49393,fmY0cGfJ
Christine,Williams,Technical author,Corporate treasurer,daniel48@example.net,South Katelynport,+1-282-810-0439x67547,22054,t6h927cY
David,Hanson,Multimedia programmer,Bonds trader,amandablack@example.org,West Drewview,+1-328-899-1914x1016,33679,AN6T73kV
Sara,Williamson,Trade mark attorney,Diplomatic Services operational officer,brandonpeters@example.net,Austinborough,2048840936,39074,XF0Qz2qJ
Brad,Ellis,Insurance risk surveyor,Air broker,steven90@example.com,Michaelside,591.793.9711x8309,87865,FmvcZGiY
Kevin,Chan,Occupational hygienist,"Engineer, production",munoztommy@example.net,East Danieltown,+1-767-406-2079x0640,69025,sEuLB0Uf
Sheryl,Hodge,"Education officer, community",Acupuncturist,morgantimothy@example.com,Annaville,(792)896-3827x73504,72205,2eiHNmqn
Ruth,Fischer,"Engineer, mining",Ambulance person,leejustin@example.com,New Jacquelineport,001-406-949-5406x178,55464,2wdVDOj9
David,Hanna,Telecommunications researcher,Animator,pamelamendoza@example.com,South Andrealand,001-861-653-5142x736,37034,pcUkDULj
Justin,Roberts,Statistician,Chief Financial Officer,figueroaanthony@example.net,New Melanie,500.609.0403x5418,28828,cqwXUVl4
Dennis,Lam,Sub,Historic buildings inspector/conservation officer,dbaldwin@example.org,North Michaelchester,001-941-768-9619x021,27177,Qemxit4g
Tammy,Bean,Exercise physiologist,Agricultural engineer,lopezjohn@example.org,Lake Stefaniebury,+1-411-496-6531x87116,78448,GL1ncTOy
Timothy,Smith,Financial controller,Contracting civil engineer,michael14@example.com,West Tinaside,6719258427,34118,85Vsn2Ad
Duane,Poole,"Designer, ceramics/pottery","Clinical scientist, histocompatibility and immunogenetics",briana07@example.com,Greenburgh,(751)830-6043x555,58263,KVj1JOfa
Jacob,Spence,Chartered legal executive (England and Wales),Clinical psychologist,angelasmith@example.org,Floresberg,589-922-9517,74050,W9WPtSE6
Terri,Ho,TEFL teacher,Insurance risk surveyor,qwalton@example.org,Walkerland,+1-954-409-7783x94808,33510,omkK6dpp
Dominic,Morrow,"Engineer, manufacturing",Multimedia programmer,daniellecoleman@example.com,North Maurice,+1-672-290-4377x8228,97564,y1dNSxf3
Michelle,Parker,"Scientist, product/process development",Chief Marketing Officer,mariamiller@example.net,Jasonchester,457-482-4110x43675,87715,StzKFN0z
Gregory,Reyes,Veterinary surgeon,Senior tax professional/tax inspector,medinaamy@example.com,Trevinoport,762.882.4061,42498,j4amXrmB
Jacob,Smith,IT technical support officer,Fashion designer,wileyjessica@example.net,Stevenston,784-395-9790,73539,pyDCpkLz
Douglas,Dunn,"Conservator, furniture",Advertising copywriter,osullivan@example.net,South James,(719)613-2730,91695,bDYUqWdz
Rachel,Burns,Health service manager,"Engineer, water",juanbradshaw@example.com,Garciaton,470-413-9187x3700,86452,7iTj1ZPS
Tracy,Williams,Psychotherapist,"Teacher, secondary school",chad49@example.com,South Rebeccafurt,736.896.6395,87333,fcYEBGO0
